workload,config,completed,instructions,cycles,ipc,speedup_vs_no_pref,dcache_hit,dcache_miss,dcache_miss_rate,dcache_miss_reduction_vs_no_pref,mlc_hit,mlc_miss,mlc_miss_rate,mlc_miss_reduction_vs_no_pref,pref_issued,pref_useful,pref_accuracy,pref_coverage_vs_no_pref,bop_pref_issued,bop_rr_fill_updates,bop_rr_hit_score_inc,bop_phase_on,bop_phase_off,bop_dropped_page
505.mcf_r,no_pref,1.0,5000000.0,7957986.0,0.6282996728066624,1.0,1946171.0,259762.0,0.11775606965397407,0.0,87573.0,81662.0,0.4825361184152214,0.0,0.0,0.0,0.0,0.0,0.0,0.0,0.0,0.0,0.0,0.0
505.mcf_r,nextline,0.0,0.0,0.0,0.0,0.0,0.0,0.0,0.0,1.0,0.0,0.0,0.0,1.0,0.0,0.0,0.0,0.0,0.0,0.0,0.0,0.0,0.0,0.0
505.mcf_r,stream,1.0,5000000.0,7114429.0,0.702797090251375,1.1185698810122358,1945387.0,260261.0,0.11799752272348081,-0.0019209892132028283,87554.0,81662.0,0.48259029878971255,0.0,31836.0,36011.0,1.1311408468400552,0.13863074660650904,0.0,0.0,0.0,0.0,0.0,0.0
505.mcf_r,stride,1.0,5000000.0,7804379.0,0.6406659645821916,1.0196821553643152,1946188.0,259792.0,0.11776716017370964,-0.00011549033345903403,87569.0,81245.0,0.4812693260037675,0.005106414244079205,7269.0,6441.0,0.8860916219562526,0.02479577459366651,0.0,0.0,0.0,0.0,0.0,0.0
505.mcf_r,bop,1.0,5000000.0,7190027.0,0.6954076806665678,1.1068089174074034,1945229.0,260465.0,0.11808754976891626,-0.0027063234807247483,87550.0,79276.0,0.47520170716794746,0.02921799613039111,42469.0,34455.0,0.8112976524052838,0.13264064797776426,42469.0,34710.0,7787.0,17.0,0.0,5494.0
508.namd_r,no_pref,1.0,5000000.0,1676005.0,2.9832846560720285,1.0,1427401.0,64561.0,0.04327254983706019,0.0,10906.0,4002.0,0.2684464716930507,0.0,0.0,0.0,0.0,0.0,0.0,0.0,0.0,0.0,0.0,0.0
508.namd_r,nextline,0.0,0.0,0.0,0.0,0.0,0.0,0.0,0.0,1.0,0.0,0.0,0.0,1.0,0.0,0.0,0.0,0.0,0.0,0.0,0.0,0.0,0.0,0.0
508.namd_r,stream,1.0,5000000.0,1601022.0,3.1230051804409933,1.0468344594890013,1430992.0,61031.0,0.040904865407570795,0.05467697216585865,10906.0,3921.0,0.26444998988332097,0.020239880059970017,5708.0,3000.0,0.5255781359495445,0.04646768172735862,0.0,0.0,0.0,0.0,0.0,0.0
508.namd_r,stride,1.0,5000000.0,1659051.0,3.013771125782149,1.010219095133302,1430909.0,61139.0,0.040976563756661984,0.05300413562367379,10906.0,3800.0,0.25839793281653745,0.05047476261869066,1546.0,1189.0,0.7690815006468306,0.018416691191276466,0.0,0.0,0.0,0.0,0.0,0.0
508.namd_r,bop,1.0,5000000.0,1626376.0,3.0743198374791563,1.0305150838428507,1430980.0,61075.0,0.040933477653303664,0.053995446167190764,10896.0,3727.0,0.25487246119127405,0.06871564217891057,4049.0,1778.0,0.43912077056063226,0.02753984603708121,4049.0,2171.0,432.0,1.0,0.0,68.0
519.lbm_r,no_pref,1.0,5000000.0,6094558.0,0.8204040391444302,1.0,1232234.0,466421.0,0.2745825373604411,0.0,99421.0,154840.0,0.6089805357486991,0.0,0.0,0.0,0.0,0.0,0.0,0.0,0.0,0.0,0.0,0.0
519.lbm_r,nextline,0.0,0.0,0.0,0.0,0.0,0.0,0.0,0.0,1.0,0.0,0.0,0.0,1.0,0.0,0.0,0.0,0.0,0.0,0.0,0.0,0.0,0.0,0.0
519.lbm_r,stream,1.0,5000000.0,3980785.0,1.2560336717506724,1.5309940124874868,1242166.0,456489.0,0.2687355584271085,0.021294066948100543,99420.0,154801.0,0.6089229449966761,0.00025187290105910254,225037.0,149091.0,0.6625177193083804,0.3196489866451125,0.0,0.0,0.0,0.0,0.0,0.0
519.lbm_r,stride,1.0,5000000.0,6088118.0,0.8212718610250327,1.0010577981570001,1232362.0,466293.0,0.2745071836246913,0.0002744301821744344,99421.0,154733.0,0.6088159147603421,0.0006910359080340989,26196.0,25842.0,0.9864864864864865,0.05540488099806827,0.0,0.0,0.0,0.0,0.0,0.0
519.lbm_r,bop,1.0,5000000.0,4348650.0,1.1497821162889632,1.4014827590171661,1233541.0,465114.0,0.2738131050743088,0.0028021894382971313,99421.0,147350.0,0.5971123024990781,0.04837251356238703,121583.0,106946.0,0.8796131038056307,0.2292907051783689,121583.0,107097.0,21410.0,73.0,0.0,33454.0
500.perlbench_r,no_pref,1.0,5000000.0,2433191.0,2.0549147189842474,1.0,2520968.0,20725.0,0.00815401387972505,0.0,145.0,9653.0,0.9852010614411104,0.0,0.0,0.0,0.0,0.0,0.0,0.0,0.0,0.0,0.0,0.0
500.perlbench_r,nextline,0.0,0.0,0.0,0.0,0.0,0.0,0.0,0.0,1.0,0.0,0.0,0.0,1.0,0.0,0.0,0.0,0.0,0.0,0.0,0.0,0.0,0.0,0.0
500.perlbench_r,stream,1.0,5000000.0,2319089.0,2.1560190229870435,1.0492012165121736,2520968.0,20725.0,0.00815401387972505,0.0,148.0,9650.0,0.9848948765054093,0.00031078421216201857,11449.0,1811.0,0.15817975369027862,0.08738238841978287,0.0,0.0,0.0,0.0,0.0,0.0
500.perlbench_r,stride,1.0,5000000.0,2433191.0,2.0549147189842474,1.0,2520968.0,20725.0,0.00815401387972505,0.0,145.0,9653.0,0.9852010614411104,0.0,221.0,13.0,0.058823529411764705,0.0006272617611580218,0.0,0.0,0.0,0.0,0.0,0.0
500.perlbench_r,bop,1.0,5000000.0,2204378.0,2.268213527806937,1.1037993483876178,2520975.0,20718.0,0.008151259809898363,0.000337756332931205,152.0,9531.0,0.98430238562429,0.01263855796125557,9448.0,3315.0,0.3508679085520745,0.15995174909529553,9448.0,8238.0,312.0,2.0,0.0,146.0
502.gcc_r,no_pref,1.0,5000000.0,5232885.0,0.9554958689136107,1.0,62165.0,4860052.0,0.9873705283615086,0.0,567.0,78670.0,0.9928442520539646,0.0,0.0,0.0,0.0,0.0,0.0,0.0,0.0,0.0,0.0,0.0
502.gcc_r,nextline,0.0,0.0,0.0,0.0,0.0,0.0,0.0,0.0,1.0,0.0,0.0,0.0,1.0,0.0,0.0,0.0,0.0,0.0,0.0,0.0,0.0,0.0,0.0
502.gcc_r,stream,1.0,5000000.0,5233535.0,0.9553771972481315,0.9998758009643578,744055.0,4178199.0,0.8488385605456362,0.14029747006822146,573.0,78642.0,0.9927665214921416,0.0003559171221558799,77042.0,75906.0,0.9852547960852522,0.015618351408585751,0.0,0.0,0.0,0.0,0.0,0.0
502.gcc_r,stride,1.0,5000000.0,5233533.0,0.9553775623465066,0.9998761830679199,731056.0,4191142.0,0.8514777341342221,0.13763432983844615,568.0,76386.0,0.9926189671751956,0.029032668107283555,75726.0,73142.0,0.9658769775242321,0.015049633213801004,0.0,0.0,0.0,0.0,0.0,0.0
502.gcc_r,bop,1.0,5000000.0,5232885.0,0.9554958689136107,1.0,97896.0,4824321.0,0.9801114010211253,0.007351978950019489,567.0,76136.0,0.9926078510618881,0.03221049955510358,5118.0,0.0,0.0,0.0,5118.0,0.0,0.0,0.0,14.0,81.0
507.cactuBSSN_r,no_pref,1.0,5000000.0,5014300.0,0.9971481562730591,1.0,532.0,4998520.0,0.9998935798227344,0.0,3.0,78236.0,0.9999616559516353,0.0,0.0,0.0,0.0,0.0,0.0,0.0,0.0,0.0,0.0,0.0
507.cactuBSSN_r,nextline,0.0,0.0,0.0,0.0,0.0,0.0,0.0,0.0,1.0,0.0,0.0,0.0,1.0,0.0,0.0,0.0,0.0,0.0,0.0,0.0,0.0,0.0,0.0
507.cactuBSSN_r,stream,1.0,5000000.0,5015012.0,0.9970065874219244,0.9998580262619511,703182.0,4295870.0,0.8593369302819814,0.14057160919632206,2.0,78203.0,0.9999744261875839,0.000421800705557529,78299.0,78052.0,0.9968454258675079,0.015615022046525772,0.0,0.0,0.0,0.0,0.0,0.0
507.cactuBSSN_r,stride,1.0,5000000.0,5015188.0,0.9969715990706629,0.999822937844005,687775.0,4311277.0,0.8624189146262131,0.13748929683186228,2.0,75439.0,0.9999734892167389,0.03575080525589247,77525.0,74610.0,0.962399226056111,0.014926418219793059,0.0,0.0,0.0,0.0,0.0,0.0
507.cactuBSSN_r,bop,1.0,5000000.0,5014180.0,0.9971720201508522,1.0000239321284836,30227.0,4968817.0,0.9939534438984734,0.005942358938245684,2.0,75738.0,0.9999735938737787,0.031929035226749836,5120.0,4.0,0.00078125,8.002368701135537e-07,5120.0,35.0,0.0,0.0,15.0,79.0
520.omnetpp_r,no_pref,1.0,5000000.0,5248612.0,0.9526328103506222,1.0,2207880.0,196353.0,0.08166970505770448,0.0,32213.0,57361.0,0.6403755554067029,0.0,0.0,0.0,0.0,0.0,0.0,0.0,0.0,0.0,0.0,0.0
520.omnetpp_r,nextline,0.0,0.0,0.0,0.0,0.0,0.0,0.0,0.0,1.0,0.0,0.0,0.0,1.0,0.0,0.0,0.0,0.0,0.0,0.0,0.0,0.0,0.0,0.0
520.omnetpp_r,stream,1.0,5000000.0,5251292.0,0.952146633628448,0.9994896494043751,2205936.0,197843.0,0.08230498727212443,-0.007588373999887876,32206.0,57063.0,0.6392252629692279,0.0051951674482662025,33377.0,5128.0,0.15363873325943014,0.026116229443909695,0.0,0.0,0.0,0.0,0.0,0.0
520.omnetpp_r,stride,1.0,5000000.0,5246172.0,0.9530758808517906,1.0004651010298558,2207914.0,196342.0,0.08166434855522872,5.602155301931422e-05,32210.0,57356.0,0.6403769287452828,8.716723906487811e-05,169.0,94.0,0.5562130177514792,0.00047872963489226035,0.0,0.0,0.0,0.0,0.0,0.0
520.omnetpp_r,bop,1.0,5000000.0,5181132.0,0.9650400723239632,1.0130241808160843,2206666.0,196852.0,0.08190161255293282,-0.0025413413596939716,32195.0,56385.0,0.6365432377511854,0.017015045065462586,48279.0,8593.0,0.17798628803413494,0.043763018644991415,48279.0,33634.0,741.0,9.0,0.0,1484.0
525.x264_r,no_pref,1.0,5000000.0,1394405.0,3.5857588003485357,1.0,1422653.0,15681.0,0.010902196569086179,0.0,2043.0,1415.0,0.4091960670908039,0.0,0.0,0.0,0.0,0.0,0.0,0.0,0.0,0.0,0.0,0.0
525.x264_r,nextline,0.0,0.0,0.0,0.0,0.0,0.0,0.0,0.0,1.0,0.0,0.0,0.0,1.0,0.0,0.0,0.0,0.0,0.0,0.0,0.0,0.0,0.0,0.0
525.x264_r,stream,1.0,5000000.0,1397133.0,3.5787573552410543,0.9980474299869805,1422848.0,15576.0,0.010828517877899702,0.006696001530514639,2044.0,1412.0,0.4085648148148148,0.0021201413427561766,304.0,94.0,0.3092105263157895,0.005994515655889293,0.0,0.0,0.0,0.0,0.0,0.0
525.x264_r,stride,1.0,5000000.0,1380155.0,3.62278149917944,1.0103249272726613,1422632.0,15702.0,0.010916796794068694,-0.0013392003061030167,2046.0,1374.0,0.4017543859649123,0.028975265017667895,493.0,164.0,0.332657200811359,0.010458516676232384,0.0,0.0,0.0,0.0,0.0,0.0
525.x264_r,bop,1.0,5000000.0,1377756.0,3.629089621094011,1.0120841426203189,1422848.0,15495.0,0.010772812882601715,0.011861488425483069,2048.0,1393.0,0.4048241790177274,0.015547703180212036,1244.0,398.0,0.319935691318328,0.025381034372807858,1244.0,969.0,20.0,0.0,0.0,22.0
531.deepsjeng_r,no_pref,1.0,5000000.0,2287291.0,2.1859920753415283,1.0,1846445.0,11887.0,0.006396596517737412,0.0,2777.0,2818.0,0.5036639857015193,0.0,0.0,0.0,0.0,0.0,0.0,0.0,0.0,0.0,0.0,0.0
531.deepsjeng_r,nextline,0.0,0.0,0.0,0.0,0.0,0.0,0.0,0.0,1.0,0.0,0.0,0.0,1.0,0.0,0.0,0.0,0.0,0.0,0.0,0.0,0.0,0.0,0.0
531.deepsjeng_r,stream,1.0,5000000.0,2287291.0,2.1859920753415283,1.0,1847449.0,11362.0,0.006112509555839728,0.044165895516110054,2777.0,2813.0,0.5032200357781753,0.0017743080198722172,610.0,276.0,0.4524590163934426,0.02321864221418356,0.0,0.0,0.0,0.0,0.0,0.0
531.deepsjeng_r,stride,1.0,5000000.0,2287291.0,2.1859920753415283,1.0,1846445.0,11887.0,0.006396596517737412,0.0,2777.0,2818.0,0.5036639857015193,0.0,0.0,0.0,0.0,0.0,0.0,0.0,0.0,0.0,0.0,0.0
531.deepsjeng_r,bop,1.0,5000000.0,2277016.0,2.1958563312686428,1.0045124847607572,1846731.0,11658.0,0.006273175314748419,0.0192647429965509,2777.0,2783.0,0.5005395683453238,0.012420156139105742,2741.0,402.0,0.1466618022619482,0.03381845713804997,2741.0,1662.0,20.0,0.0,0.0,45.0
557.xz_r,no_pref,1.0,5000000.0,3417163.0,1.463202077278725,1.0,1315532.0,33950.0,0.02515780128968004,0.0,5292.0,12664.0,0.7052795722878147,0.0,0.0,0.0,0.0,0.0,0.0,0.0,0.0,0.0,0.0,0.0
557.xz_r,nextline,0.0,0.0,0.0,0.0,0.0,0.0,0.0,0.0,1.0,0.0,0.0,0.0,1.0,0.0,0.0,0.0,0.0,0.0,0.0,0.0,0.0,0.0,0.0
557.xz_r,stream,1.0,5000000.0,3399411.0,1.4708430372202714,1.0052220811193469,1315605.0,33879.0,0.025105151302275537,0.0020913107511045803,5291.0,12641.0,0.7049408877983493,0.0018161718256475279,1252.0,649.0,0.518370607028754,0.019116347569955817,0.0,0.0,0.0,0.0,0.0,0.0
557.xz_r,stride,1.0,5000000.0,3408123.0,1.4670832009290744,1.0026524864272797,1315680.0,33803.0,0.02504885204185603,0.004329896907216524,5292.0,12664.0,0.7052795722878147,0.0,449.0,431.0,0.9599109131403119,0.012695139911634757,0.0,0.0,0.0,0.0,0.0,0.0
557.xz_r,bop,1.0,5000000.0,3289374.0,1.5200460634759076,1.0388490332811047,1315690.0,33793.0,0.025041441796599142,0.00462444771723125,5291.0,12633.0,0.7048091943762553,0.002447883765003156,12053.0,2117.0,0.17564091927321,0.062356406480117824,12053.0,10920.0,165.0,2.0,0.0,263.0

